{"cameraMode":{"drawMode":0,"name":"Shaded","section":"Shading Mode"},"sceneLighting":false,"audioPlay":false,"sceneViewState":{"m_AlwaysRefresh":false,"showFog":true,"showSkybox":true,"showFlares":true,"showImageEffects":true,"showParticleSystems":true,"showVisualEffectGraphs":true,"m_FxEnabled":true},"in2DMode":false,"pivot":{"x":-62.15910720825195,"y":39.227420806884769,"z":-16.922786712646486},"rotation":{"x":-0.015314722433686257,"y":-0.9738872051239014,"z":0.06815934926271439,"w":-0.21641942858695985},"size":247.08506774902345,"orthographic":true}